Country Name,1960,1964,1968,1972,1976,1980,1984,1988,1992,1994,1998,2002,2006,2010,2014,2015
Afghanistan,8996351,9731361,10604346,11721940,12840299,13248370,12047115,11540888,13981231,16172719,18863999,21979923,25893450,28803167,32758020,33736494
Albania,1608800,1814135,2022272,2243126,2458526,2671997,2904429,3142336,3247039,3207536,3128530,3051010,2992547,2913021,2889104,2880703
Algeria,11124888,12295970,13744387,15377093,17190239,19337715,21893853,24591492,27181094,28362253,30335732,31995046,33777915,36117637,39113313,39871528
American Samoa,20013,22698,25885,28492,30321,32457,37688,44047,49593,51803,55901,58731,58650,55637,55437,55537
Andorra,13411,17469,21890,26892,31777,36067,42706,50434,58888,62677,64142,70049,80991,84449,79223,78014
Angola,5643182,6093321,6523791,7094834,7900997,8929900,10277321,11513968,12968345,13841301,15504318,17572649,20262399,23369131,26920466,27859305
Antigua and Barbuda,55339,59524,64655,69176,72285,73442,70725,67058,68427,71719,79851,86266,90301,94661,98875,99923
Argentina,20619075,21953929,23261278,24782949,26477152,28105888,29920904,31795517,33655151,34558115,36241590,37889370,39558890,41223889,42981515,43417765
Armenia,1874120,2144998,2401140,2650484,2889579,3099751,3285595,3504651,3442810,3283660,3108684,3033897,2958500,2877311,2906220,2916950
Aruba,54211,57032,58386,59840,60586,60096,62836,61079,68235,76700,87277,94992,100832,101669,103795,104341
Australia,10276477,11167000,12009000,13177000,14033000,14692000,15544000,16532200,17495000,17855000,18711000,19651400,20697900,22031750,23460694,23789338
Austria,7047539,7223801,7415403,7544201,7565525,7549433,7561434,7585317,7840709,7936118,7976789,8081957,8268641,8363404,8541575,8633169
Azerbaijan,3895396,4456689,4960235,5385267,5768724,6150738,6557585,7010036,7382000,7597000,7913000,8171950,8484550,9054332,9535079,9649341
"Bahamas, The",109528,133698,158627,177839,192902,210661,230015,247579,266134,275895,290060,309157,335830,360832,382169,386838
Bahrain,162427,182887,200653,229155,283752,359888,407227,465202,523087,549588,613702,735148,958414,1240862,1336397,1371855
Bangladesh,48199747,54129100,61579473,67597470,72999136,81470860,90732362,100975321,111221938,116182267,126447965,136600667,145368004,152149102,159405279,161200886
Barbados,230939,234547,237199,241441,247444,252194,255193,258527,262184,264015,267950,271478,275039,279569,283385,284217
Belarus,8198000,8524224,8874552,9188968,9411000,9643000,9910000,10140000,10216000,10227000,10069000,9865548,9604924,9490583,9474511,9489616
Belgium,9153489,9378113,9618756,9711115,9818227,9859242,9855372,9901664,10045158,10115603,10203008,10332785,10547958,10895586,11209057,11274196
Belize,92064,103069,116061,127150,135147,144155,160347,179028,194317,201674,230284,262206,290747,321608,351694,359288
Benin,2431622,2585965,2791590,3043567,3347173,3717165,4156819,4672852,5331803,5714220,6470265,7295394,8216896,9199259,10286712,10575952
Bermuda,44400,48900,53000,54200,53200,54670,56423,58347,58595,59320,60943,62912,64523,65124,65139,65235
Bhutan,223288,247325,279515,318045,361455,409172,453720,517273,531525,516503,542155,606399,672228,727641,776448,787386
Bolivia,3693449,3990857,4324064,4698083,5119833,5589575,6085496,6592787,7131707,7418861,8026254,8653345,9283334,9918242,10562159,10724705
Bosnia and Herzegovina,3225668,3478995,3675452,3851151,4025265,4179855,4350746,4508056,4239154,3948816,3750485,3775807,3779468,3722084,3566002,3535961
Botswana,524552,580799,652843,742835,857855,1001158,1151292,1301818,1455833,1532622,1669625,1779953,1884238,2014866,2168573,2209197
Brazil,72207554,81168654,90557064,100143598,110213082,121159761,132800684,144001542,154564278,159705123,170170640,180151021,189012412,196796269,204213133,205962108
British Virgin Islands,8033,8627,9424,10125,10543,11002,12731,15266,17344,18052,19722,21529,23905,27224,29588,30113
Brunei Darussalam,81745,97848,117950,142073,168224,193949,218227,244458,273963,289525,319222,346867,370250,388662,411704,417542
Bulgaria,7867374,8144340,8369603,8576200,8758599,8861535,8960679,8981446,8540164,8443591,8256786,7837161,7601022,7395599,7223938,7177991
Burkina Faso,4829288,5098890,5434041,5825173,6274037,6822843,7531242,8356305,9297113,9816588,10968724,12293100,13829177,15605217,17585977,18110624
Burundi,2786106,3010859,3316233,3544047,3739659,4116817,4571292,5135956,5661139,5871607,6186352,6741569,7675338,8766930,9891790,10199270
Cabo Verde,202310,223846,257509,273651,273652,286657,309397,329671,359090,379156,417323,452106,480795,502384,526437,532913
Cambodia,5722370,6331583,6778723,7300152,7402873,6692107,7446019,8433798,9621504,10315376,11597739,12634729,13474489,14308740,15270790,15517635
Cameroon,5176268,5646316,6208282,6875228,7669445,8618354,9742263,11031817,12408931,13109660,14523570,16084886,17899562,19970495,22239904,22834522
Canada,17909009,19325000,20744000,21993631,23518000,24593000,25702000,26895000,28519597,29111906,30247900,31362000,32570505,34005274,35544564,35848610
Cayman Islands,7865,8298,8631,10136,13022,16162,18543,22538,27404,30055,37740,44738,50031,55507,59172,59963
Central African Republic,1503508,1616516,1755344,1900317,2062405,2279821,2565803,2812244,3095807,3267670,3597385,3907612,4201758,4448525,4515392,4546100
Chad,3001593,3246505,3499352,3815103,4172230,4512042,4954046,5584339,6349089,6772133,7759258,9001689,10421597,11887202,13569438,14009413
Channel Islands,109420,113773,118726,123614,126902,128212,132453,138187,142258,143384,146671,150901,155411,159581,162969,163758
Chile,7716625,8430838,9188822,9922558,10601836,11266226,11985658,12809025,13671033,14091389,14887756,15623635,16319792,16993354,17613798,17762681
China,667070000,698355000,774510000,862030000,930685000,981235000,1036825000,1101630000,1164970000,1191835000,1241935000,1280400000,1311020000,1337705000,1364270000,1371220000
Colombia,16480383,18581974,20905059,23146803,25323406,27737900,30350086,32975535,35558682,36823537,39234062,41572491,43835722,45918097,47791911,48228697
Comoros,191121,203753,220575,239235,265953,307829,345466,387963,436448,462277,515385,569479,626425,689692,759385,777424
"Congo, Dem. Rep.",15248251,16903923,18913203,21120140,23559071,26357462,29121474,32444156,37346147,40273701,44840529,49835756,56543011,64523263,73722860,76196619
"Congo, Rep.",1037220,1152412,1287516,1450518,1637941,1839935,2068132,2311348,2577035,2722497,3048453,3407180,3842365,4386693,4871101,4995648
Costa Rica,1333040,1537041,1746869,1947048,2151497,2389310,2659781,2944557,3257466,3425690,3767373,4063204,4308794,4545280,4757575,4807852
Cote d'Ivoire,3558988,4157965,4834279,5737281,6922982,8293675,9826055,11424260,13163019,14083611,15884552,17366517,18699435,20401331,22531350,23108472
Croatia,4140000,4259680,4364000,4457000,4530000,4588000,4680000,4757000,4470000,4650000,4501000,4440000,4440000,4417781,4238389,4203604
Cuba,7141135,7787146,8413327,9025300,9544271,9835177,10017059,10379548,10733363,10850585,11064097,11217998,11296233,11333051,11439767,11461432
Curacao,124826,133148,140298,147710,149399,148041,151940,149254,143912,144630,144472,129205,141239,148703,155909,157979
Cyprus,572930,578627,598493,628002,657534,685406,697717,736479,800609,837110,908704,976966,1045509,1112607,1152309,1160985
Czech Republic,9602006,9727804,9876346,9867632,10125939,10304193,10330213,10355276,10319123,10333587,10294373,10196916,10238905,10474410,10525347,10546059
Denmark,4579603,4722072,4864883,4991596,5072596,5123027,5111619,5129516,5171370,5206180,5304219,5375931,5437272,5547683,5643475,5683483
Djibouti,83636,107583,140462,179224,248556,358960,406017,528999,615054,622366,680612,746221,796208,851146,912164,927414
Dominica,60011,63926,69040,71734,72642,75314,74213,71742,70970,71373,70290,69824,70807,71440,72778,73162
Dominican Republic,3294042,3757956,4250025,4759934,5280723,5809269,6351572,6903316,7468551,7753052,8296375,8832285,9371338,9897985,10405844,10528394
Ecuador,4545550,5099468,5730906,6428711,7179399,7976445,8823751,9739176,10705667,11196479,12163885,13072060,13967480,14934690,15903112,16144368
"Egypt, Arab Rep.",26996533,30071102,33377259,36673642,40089032,44099142,48868951,54547296,60035536,62495745,67378056,72590118,78159048,84107606,91812566,93778172
El Salvador,2762899,3106186,3477742,3861931,4239675,4580704,4858532,5119035,5400331,5544945,5778706,5940303,6056478,6164626,6281189,6312478
Equatorial Guinea,255323,271457,301353,292585,252194,255325,338086,402326,455148,487140,566673,666407,792217,951104,1129424,1175389
Eritrea,1397491,1548187,1718525,1912302,2133723,2385540,2674289,3006361,3118582,3085443,3224223,3614639,4066648,4390840,..,..
Estonia,1211537,1277086,1331214,1392518,1439576,1477219,1518617,1561900,1533091,1462514,1386156,1379350,1346810,1331475,1314545,1315407
Ethiopia,22151278,24397024,26946079,30132580,33146891,35264898,39518801,44932064,51647768,55431123,62794151,70497192,78850689,87702670,97366774,99873033
Faroe Islands,34661,36454,38200,40009,41848,43514,45122,47117,47101,46250,46580,47769,48383,48550,48842,48965
Fiji,393386,450450,498892,542814,587520,635255,700366,722917,744531,765667,800315,815691,827411,859950,885806,892149
Finland,4429634,4548543,4626469,4639657,4725664,4779535,4881803,4946481,5041992,5088333,5153498,5200598,5266268,5363352,5461512,5479531
France,46814237,49449403,51276054,52959228,54541493,55340782,56470769,57836486,58851216,59327194,60186291,61805267,63621376,65027512,66331957,66624068
French Polynesia,78076,90132,103386,118279,134748,151708,170396,189738,205266,211579,228376,245006,257832,267820,275484,277690
Gabon,499184,523789,565873,613123,663770,729159,808083,901458,1004676,1058663,1171224,1294409,1444844,1640210,1875713,1930175
"Gambia, The",367928,394553,425510,474539,536409,604369,701104,843050,979718,1036829,1160944,1311349,1491021,1692149,1917852,1977590
Georgia,3645600,3870300,4042300,4205300,4342400,4467700,4622200,4790700,4873500,4861600,4487300,4357000,4136000,3926000,3727000,3717100
Germany,72814900,75318337,77294314,78688452,78336950,78288576,77858685,78144619,80624598,81438348,82047195,82488495,82376451,81776930,80982500,81686611
Ghana,6652287,7513289,8221020,9083573,10023472,10802028,12311158,13854214,15463854,16330174,18036494,19924522,22113425,24512104,26962563,27582821
Gibraltar,23394,25454,27694,29104,29742,30272,30325,29469,29379,29895,30801,31544,32296,33189,34038,34228
Greece,8331725,8510429,8740765,8888628,9188150,9642505,9895801,10036983,10399061,10512922,10720509,10902022,11020362,11121341,10892413,10820883
Greenland,32500,37600,43400,48300,49700,50200,52700,54800,55300,55500,56100,56609,56774,56905,56295,56114
Grenada,89869,94066,94868,93934,91437,89005,98439,98062,97198,99405,101309,102100,103259,104677,106360,106823
Guam,66742,73051,80217,87587,95385,104133,113961,124673,136692,142802,152277,157175,158648,159444,160967,161797
Guatemala,4210747,4730540,5311615,5941567,6599214,7283459,8042897,8842575,9708544,10172297,11133501,12208848,13397008,14630417,15923559,16252429
Guinea,3577409,3811659,4097191,4298091,4381601,4511902,4943144,5554882,6758838,7544291,8503297,9137345,9881428,10794170,11805509,12091533
Guinea-Bissau,616409,643961,685476,741490,784156,800854,876873,965742,1062800,1113541,1199915,1293523,1412669,1555880,1725744,1770526
Guyana,571819,637845,686146,721948,754101,780153,775219,750731,748134,758342,757952,751884,749601,746556,763393,768514
Haiti,3866159,4186640,4534234,4876560,5238245,5688836,6240329,6813348,7386975,7674911,8258483,8834733,9409457,9999617,10572466,10711061
Honduras,2038637,2280045,2560727,2882113,3251158,3678286,4154887,4676361,5247836,5552625,6192026,6863157,7541406,8194778,8809216,8960829
"Hong Kong SAR, China",3075605,3504600,3802700,4123600,4518000,5063100,5397900,5627600,5800500,6035400,6543700,6744100,6857100,7024200,7241700,7305700
Hungary,9983967,10119835,10255815,10398489,10598677,10711122,10668095,10596487,10369341,10343355,10266570,10158608,10071370,10000023,9866468,9843028
Iceland,175574,188983,201488,209137,220154,228138,239511,249740,261057,266021,274047,287523,303782,318041,327386,330815
India,449480608,487484535,529967317,579411513,635771734,696783517,764245202,834489322,906021106,942204249,1015974042,1089807112,1161977719,1230980691,1293859294,1309053980
Indonesia,87792515,97638029,108821564,121059513,134010690,147490365,161555583,175000916,187766086,193945272,205715544,217508059,229838202,242524123,255131116,258162113
"Iran, Islamic Rep.",21906903,24308085,27032943,30074298,33737768,38668220,45474708,53075618,58260738,59725125,63900630,67983330,71227880,74567511,78411092,79360487
Iraq,7289761,8122199,9260682,10599845,12068168,13653356,15205501,16651807,18458187,19597239,22190250,24939299,27697912,30762701,35006080,36115649
Ireland,2828600,2866550,2915550,3036850,3238050,3412800,3532423,3524949,3558430,3590386,3712696,3931947,4273591,4560155,4617225,4676835
Isle of Man,48442,49391,53254,57154,60428,63551,62487,66047,69475,69818,71390,73870,76914,80072,82590,83167
Israel,2114020,2475000,2803000,3148000,3533000,3878000,4159000,4442000,5123000,5399000,5971000,6570000,7053700,7623600,8215700,8380100
Italy,50199700,51675350,53235750,54381345,55718260,56433883,56576718,56629288,56797087,56843400,56906744,57059007,58143979,59277417,60789140,60730582
Jamaica,1628252,1730486,1825633,1934828,2055085,2163045,2308947,2393534,2465362,2513049,2611367,2695446,2760279,2817210,2862087,2871934
Japan,92500572,97826000,101061000,107188000,112771000,116782000,120018000,122613000,124229000,124961000,126400000,127445000,127854000,128070000,127276000,127141000
Jordan,932257,1101459,1498309,1881214,2120069,2374422,2780428,3252672,3968198,4395953,4927912,5287488,5934232,7182390,8809306,9159302
Kazakhstan,9714260,11267329,12341412,13176584,13920105,14518924,15214051,15982510,16439095,16095199,15071300,14858948,15308084,16321581,17289224,17544126
Kenya,8105440,9200157,10502245,12083188,13996704,16268990,18937738,21871442,24963953,26548486,29769803,33214009,37052050,41350152,46024250,47236259
Kiribati,41233,45425,49388,52824,55977,59339,62765,69098,74769,76671,81550,87343,94260,102652,110458,112407
"Korea, Dem. People’s Rep.",11424176,12282419,13609982,15207771,16554746,17472140,18590138,19708323,20937404,21577982,22537336,23336681,24061097,24591599,25116363,25243917
"Korea, Rep.",25012374,27984155,30838302,33505406,35848523,38123775,40405956,42031247,43747962,44641540,46286503,47644736,48438292,49554112,50746659,51014947
Kosovo,947000,1050000,1163000,1278000,1400000,1521000,1647000,1791000,1932000,1997000,1966000,1702310,1719536,1775680,1821800,1801800
Kuwait,269618,425235,634897,854604,1089209,1372318,1655833,2038885,..,..,1836353,2143833,2377258,2998083,3782450,3935794
Kyrgyz Republic,2172300,2495300,2818300,3088200,3358700,3617400,3916400,4218400,4515400,4515100,4769000,4990700,5218400,5447900,5835500,5956900
Lao PDR,2120896,2327137,2556852,2840841,3098973,3258144,3586381,4020295,4502363,4740380,5150763,5497273,5849356,6246274,6576397,6663967
Latvia,2120979,2240623,2323619,2395674,2470989,2511701,2562047,2653434,2614338,2520742,2410019,2310173,2218357,2097555,1993782,1977527
Lebanon,1804926,2041207,2210959,2416735,2598354,2605293,2667220,2668585,2821862,2974640,3113951,3522837,4057350,4337141,5603279,5851479
Lesotho,851591,915822,991491,1076340,1179723,1310118,1442212,1550262,1667121,1732257,1831298,1902312,1965662,2040551,2145785,2174645
Liberia,1120313,1224344,1346491,1493711,1672300,1888314,2159089,2165090,2022729,2012885,2551062,3062863,3375838,3948125,4390737,4499621
Libya,1448417,1667825,1958914,2327490,2754696,3219466,3746715,4220418,4651004,4855003,5195502,5527515,5881435,6169140,6204108,6234955
Liechtenstein,16495,18170,20236,22151,23926,25866,27011,28095,29497,30365,32355,34018,35095,36003,37127,37403
Lithuania,2778550,2935200,3078850,3213622,3328664,3413202,3514205,3655049,3700114,3657144,3549331,3443067,3269909,3097282,2932367,2904910
Luxembourg,313970,327750,335850,346600,360731,364150,365998,373450,392175,402925,424700,446175,472637,506953,556319,569604
"Macao SAR, China",167796,193563,233004,248767,239085,238118,271993,320877,362459,377960,409837,448896,493320,536969,588781,600942
"Macedonia, FYR",1488667,1569141,1672399,1754956,1825552,1924197,1974415,1995513,1988659,1981703,2012057,2048928,2063145,2070739,2077495,2079308
Madagascar,5099373,5625164,6234465,6946620,7773449,8716553,9780872,10952395,12301336,13066543,14808791,16765117,18880268,21151640,23589801,24234088
Malawi,3618595,3963417,4370650,4859610,5454705,6163080,6895928,8636935,9729717,9796976,10704744,12013711,13429262,15167095,17068838,17573607
Malaysia,8157106,9253963,10297801,11324251,12468893,13798125,15191625,17027588,19012724,19986894,22113464,24198811,26143566,28112289,30228017,30723155
Maldives,89887,100214,109959,123441,140665,158385,182953,209885,234000,245000,271000,297000,333000,367000,401000,409163
Mali,5263733,5503752,5780835,6147458,6596773,7090126,7693667,8180728,8868263,9353385,10380835,11638929,13227064,15075085,16962846,17467905
Malta,326550,321250,307900,302450,305774,316645,330593,347325,367618,374797,385287,395969,405308,414508,427364,431874
Marshall Islands,14662,16710,18961,22341,26552,30576,36561,44063,49378,50575,51925,52158,52078,52425,52898,52994
Mauritania,858168,963747,1083583,1217941,1367563,1534085,1720812,1923002,2141445,2261403,2549223,2873228,3220653,3609543,4063920,4182341
Mauritius,659351,736381,798413,852053,906507,966039,1012221,1043239,1084441,1112846,1160421,1204621,1233996,1250400,1260934,1262605
Mexico,38174112,43264272,48894019,55478151,62623763,69360871,75780605,82083919,88828310,92349147,98821456,104355608,110092378,117318941,124221600,125890949
"Micronesia, Fed. Sts.",44537,50487,58403,62298,64386,72964,83240,92021,101413,106057,108238,106983,105684,103616,104015,104433
Moldova,2544000,2774000,2960000,3131000,3284000,3396000,3536000,3660000,3706000,3691000,3652732,3623062,3585209,3562045,3556397,3554108
Monaco,22452,23236,23304,24051,25523,26745,28512,29235,29863,30427,31523,32629,34408,37094,38132,38307
Mongolia,955505,1074514,1207104,1356670,1520865,1689622,1871090,2089714,2243502,2280496,2355590,2443659,2558012,2712650,2923896,2976877
Montenegro,480579,521753,517481,521785,552562,572608,600884,607413,608516,611389,607662,609828,615025,619428,621810,622159
Morocco,12328532,13857142,15302947,16695003,18210754,20019847,22037610,23961820,25791494,26667048,28175263,29512368,30869346,32409639,34318082,34803322
Mozambique,7388695,8030025,8756481,9595762,10632932,11848331,12853780,13002553,14071231,15217044,17136780,19139658,21547463,24221405,27212382,28010691
Myanmar,20986123,22867741,25128116,27680144,30428034,33369712,36468888,39362142,41711465,42712223,44959935,47140220,48846474,50155896,51924182,52403669
Namibia,602544,665282,737886,829441,927503,1012672,1111132,1302741,1513721,1606718,1810566,1962147,2055734,2173170,2370992,2425561
Nauru,4433,5500,6241,6743,7156,7488,8007,8752,9544,9863,10054,10073,10101,10025,11853,12475
Nepal,10063011,10728197,11534264,12499429,13621110,14902163,16347242,17873667,19773772,20867130,22856305,24566342,25940618,27023137,28323241,28656282
Netherlands,11486631,12127120,12729721,13328593,13774037,14149800,14424211,14760094,15184166,15382838,15707209,16148929,16346101,16615394,16865008,16939923
New Caledonia,79000,88100,99500,125500,134000,140050,151650,163650,179799,189482,205279,221490,235000,250000,268000,273000
New Zealand,2371800,2585400,2748100,2903900,3110500,3112900,3227100,3283400,3531700,3620000,3815000,3948500,4184600,4350700,4509700,4595700
Nicaragua,1774699,2002119,2256782,2549774,2884155,3249910,3619253,3968454,4331277,4520725,4869626,5171734,5450211,5737723,6013997,6082035
Niger,3388764,3802640,4263745,4768078,5334918,5988904,6720344,7540253,8549424,9151763,10556549,12206002,14132064,16425578,19148219,19896965
Nigeria,45137812,49066059,53505978,58662603,65226229,73460724,81497739,90450281,100221563,105355783,116385750,128666710,142614094,158578261,176460502,181181744
Northern Mariana Islands,10035,10857,12257,14040,15234,16920,26302,37134,47919,53380,65474,68763,61688,54424,54468,54816
Norway,3581239,3694339,3816486,3933004,4026152,4085620,4140099,4209488,4286401,4336613,4431464,4538159,4660677,4889252,5137232,5188607
Oman,551740,608887,679597,776383,927439,1154379,1431077,1678116,1983277,2148428,2251875,2334285,2582991,3041460,3960925,4199810
Pakistan,44908293,49551904,55042397,61338261,68813220,78068144,89228949,101474835,113747135,119769556,132253264,144654143,157093993,170560182,185546257,189380513
Palau,9642,10593,11205,11852,12285,12194,13372,14490,15894,16806,18524,19574,20012,20470,21094,21288
Panama,1132921,1276276,1434657,1607834,1791453,1978578,2170409,2368618,2576018,2684183,2912328,3149265,3391905,3643222,3903986,3969249
Papua New Guinea,2010677,2186340,2403595,2659851,2957339,3304473,3694041,4100729,4535520,4770606,5291178,5862316,6470272,7108239,7755785,7919825
Paraguay,1902875,2114095,2350901,2596739,2861581,3180630,3567752,3994331,4432736,4651225,5089310,5508611,5882796,6209877,6552584,6639119
Peru,10061515,11281015,12629329,14072476,15639901,17359120,19099584,20909895,22737056,23619356,25199748,26601467,27949944,29373646,30973354,31376671
Philippines,26273025,29962876,33797042,37925400,42461193,47396968,52873974,58845205,65075486,68236230,74693695,81352060,87809419,93726624,100102249,101716359
Poland,29637450,31139450,32294655,33055650,34356300,35574150,36904134,37824487,38363667,38542652,38663481,38230364,38141267,38042794,38011735,37986412
Portugal,8857716,9035365,8836650,8630430,9355810,9766312,9996232,10019610,9952494,9991525,10160196,10419631,10522288,10573100,10401062,10358076
Puerto Rico,2358000,2554066,2662064,2817256,3043854,3206000,3344190,3473898,3585176,3649237,3781101,3823701,3805214,3721525,3534874,3473181
Qatar,47384,67567,93201,130534,173836,223775,341455,443794,495517,507095,550430,645659,1010382,1779676,2374419,2481539
Romania,18406905,18919126,19799831,20657957,21551634,22242653,22655940,23057662,22794284,22730211,22507344,21730496,21193760,20246871,19908979,19815481
Russian Federation,119897000,125345000,128928000,131909000,135147000,139010000,142745000,146857000,148689000,148336000,147670692,145306046,143049528,142849449,143819666,144096870
Rwanda,2933428,3161724,3527263,3983700,4499509,5140716,5881906,7030179,6701851,6005095,7059813,8536205,9206580,10246842,11345357,11629553
Samoa,108646,123354,137506,147321,152390,155557,159283,161421,165570,168788,172981,176582,181094,186205,192290,193759
San Marino,15397,17032,18589,19398,19980,21361,22455,23466,24749,25516,26799,28121,29614,31110,32657,32960
Sao Tome and Principe,64253,64212,70046,77537,84885,94949,101915,109470,118816,123973,133418,144889,159328,174776,191266,195553
Saudi Arabia,4086539,4677404,5387486,6393894,7818613,9740599,12484967,15155223,17378833,18311090,19882458,21906308,24578301,27425676,30776722,31557144
Senegal,3206749,3580312,4013539,4525114,5064674,5592646,6289327,7107976,8029725,8512173,9418393,10396861,11556763,12916229,14546111,14976994
Serbia,..,..,..,..,..,..,..,..,7646424,7734639,7567745,7496522,7411569,7291436,7130576,7095383
Seychelles,41700,46322,51134,56029,60504,63261,64717,68755,70763,74205,78846,83723,84600,89770,91359,93419
Sierra Leone,2297110,2435204,2596568,2803031,3062956,3365441,3699467,4152984,4331332,4283621,4353646,4957216,5848692,6458720,7079162,7237025
Singapore,1646400,1841600,2012000,2152400,2293300,2413945,2732221,2846108,3230698,3419048,3927213,4175950,4401365,5076732,5469724,5535002
Sint Maarten (Dutch part),..,..,..,..,..,..,..,..,..,..,31240,32566,38270,35474,37685,38824
Slovak Republic,4068095,4327341,4483915,4596622,4789507,4979815,5127097,5250596,5305016,5346331,5390516,5376912,5373054,5391428,5418649,5423801
Slovenia,1584720,1632114,1704546,1752233,1820249,1901315,1932154,1995196,1996498,1989443,1981629,1994530,2006868,2048583,2061980,2063531
Solomon Islands,117866,132782,149921,172598,200640,230607,262709,294964,329953,349225,390643,435262,481422,527790,575504,587482
Somalia,2755947,3001126,3313786,3475022,4289469,6359126,6747932,7165295,7488544,7583954,8422372,9564167,10718317,12053223,13513125,13908129
South Africa,17396367,19308166,21374931,23736489,26354140,29077143,32204952,35195598,38646788,40558495,43584030,45855482.88,48233804.48,50979432.36,54146734.74,55011976.68
South Sudan,2955152,3196113,3484537,3824762,4224529,4705224,5319609,5741235,5599814,5431738,6099923,7237276,8468152,10067192,11530971,11882136
Spain,30455000,31609195,33113134,34604469,36137812,37491165,38330364,38766939,39157685,39549108,40223509,41431558,44397319,46576897,46480882,46447697
Sri Lanka,9896000,10903000,11992000,12861000,13717000,14747000,15583000,16593000,17524000,17912000,18425000,18939000,19520000,20119000,20771000,20966000
St. Kitts and Nevis,51195,49930,46402,44326,44148,43210,42294,41047,41361,42373,44317,46641,49210,51445,53739,54288
St. Lucia,89897,94814,101179,106455,111208,117987,124468,133533,141925,145247,153183,159763,165407,172580,176421,177206
St. Martin (French part),4279,4748,5161,5756,6530,7580,12790,24873,32892,33098,30358,27450,28414,30235,31530,31754
St. Vincent and the Grenadines,80949,85069,88613,92463,96641,100505,103742,106536,108003,108129,107922,108146,108907,109315,109357,109455
Sudan,7544491,8503994,9639840,10974622,12578407,14507468,16658054,18866319,21701476,23347885,26003542,28679565,31607064,34385963,37737913,38647803
Suriname,289966,322997,359733,371324,361364,362777,367660,391391,422763,437037,461560,483044,504307,526103,547928,553208
Swaziland,349174,382469,422140,472230,533214,603372,679976,800456,906034,941774,1026009,1080930,1120514,1202843,1295097,1319011
Sweden,7484656,7661354,7912273,8122300,8222286,8310531,8336605,8436489,8668067,8780745,8850974,8924958,9080505,9378126,9696110,9799186
Switzerland,5327827,5789228,6067714,6260956,6302504,6319408,6441865,6593386,6875364,6993795,7110001,7284753,7483934,7824909,8188649,8282396
Syrian Arab Republic,4573512,5200336,5935860,6800141,7794662,8930774,10293049,11719071,13187085,13949697,15602210,17087901,18914977,21018834,19203090,18734987
Tajikistan,2087038,2402455,2750894,3111264,3487644,3905413,4397525,5001110,5502976,5679832,6021691,6447688,7000557,7641630,8362745,8548651
Tanzania,10074507,11339097,12787489,14506617,16493305,18683157,21173603,23909954,27219619,29070615,32451713,36105808,40634948,46098591,52234869,53879957
Thailand,27397175,30881332,34790945,39061994,43386841,47385323,51108082,54912334,57837878,58901666,61597283,64073164,65824164,67208808,68416772,68657600
Timor-Leste,499950,537786,579807,638499,654947,587563,646688,714474,805435,856684,865194,923825,1048621,1109591,1212814,1240977
Togo,1580513,1662073,1945780,2247582,2464455,2720839,3140237,3581928,3973327,4163642,4679023,5251472,5837792,6502952,7228915,7416802
Tonga,61601,71757,81097,86347,89254,93007,93842,94667,95496,95833,97135,99184,101689,104137,105782,106364
Trinidad and Tobago,848479,903275,931468,968741,1025658,1085308,1155695,1204893,1237487,1250318,1262542,1277837,1303144,1328100,1354493,1360092
Tunisia,4176266,4458611,4842167,5287543,5781796,6368167,7127941,7871459,8603225,8956596,9499395,9864326,10196136,10639931,11143908,11273661
Turkey,27472331,30244232,33256432,36587225,40189511,43975921,48114105,52053704,55748875,57564132,61329590,65143054,68763405,72326914,77030628,78271472
Turkmenistan,1603258,1833063,2071789,2324013,2594311,2876808,3166221,3493894,3899843,4115099,4413477,4610002,4810105,5087210,5466241,5565284
Turks and Caicos Islands,5726,5710,5559,5922,6723,7519,9095,10582,12968,14597,17115,21742,27642,30994,33739,34339
Tuvalu,6104,6684,7133,7458,7749,8052,8530,8883,9109,9190,9306,9635,10137,10531,10908,11001
Uganda,6788214,7746198,8872920,9988380,11139833,12549540,14174470,16262533,18652889,19907634,22551789,25718048,29550662,33915133,38833338,40144870
Ukraine,42662149,44794327,46409002,47783011,49036456,49968812,50754000,51521000,52150266,51921041,50143939,48202500,46787750,45870700,45271947,45154029
United Arab Emirates,92634,138529,183194,332760,646943,1042384,1318478,1655849,2086639,2328686,2838145,3507232,5242032,8270684,9070867,9154302
United Kingdom,52400000,54000000,55211700,56086065,56211968,56314216,56422072,56928327,57580402,57865745,58487141,59370479,60846820,62766365,64613160,65128861
United States,180671000,191889000,200706000,209896000,218035000,227225000,235825000,244499000,256514000,263126000,275854000,287625193,298379912,309348193,318563456,320896618
Uruguay,2538651,2665390,2774774,2821439,2841429,2915778,2992645,3069099,3154855,3201607,3292138,3327773,3331043,3374415,3419546,3431552
Uzbekistan,8549493,9788986,11323095,12828625,14279120,15939744,17659975,19501225,21449000,22377000,24051000,25271850,26488250,28562400,30757700,31298900
Vanuatu,63699,72131,80673,90823,103028,115632,127092,139366,155243,164208,178078,193956,214634,236295,258850,264603
"Venezuela, RB",8146847,9476252,10881995,12286439,13739142,15343916,17057785,18912526,20799075,21726352,23569454,25408700,27239168,29028033,30738378,31155134
Vietnam,34743000,37574000,40856000,44758000,49158000,53700000,57692000,63263000,68450100,70824500,75456300,79537700,83311200,86932500,90728900,91713300
Virgin Islands (U.S.),32000,41300,54600,76000,96000,97000,108000,104500,105711,107317,108535,108208,107700,106267,104170,103574
West Bank and Gaza,..,..,..,..,..,..,..,..,2163591,2366298,2776568,3075373,3406334,3811102,4294682,4422143
"Yemen, Rep.",5172135,5543339,5971407,6407295,7034868,8120497,9472170,11051504,13325583,14692686,16896210,18919179,21160534,23606779,26246327,26916207
Zambia,3044846,3452942,3912085,4469895,5139030,5889230,6738765,7600072,8452275,8896109,9950224,11120409,12383446,13850033,15620974,16100587
Zimbabwe,3747369,4269863,4851431,5535874,6308300,7164172,8342195,9604302,10682868,11116948,11893272,12500525,13124267,14086317,15411675,15777451
Arab World,92490932,103239902,115680165,129269375,145332378,165689490,187610756,210844771,235037179,247435930,272235146,296026575,323773264,356508908,390043028,398304960
Caribbean small states,4198307,4513246,4779624,5021359,5260062,5497756,5766957,5943661,6124265,6238576,6438587,6623792,6806838,6984096,7162679,7204948
Central Europe and the Baltics,91401583,94722599,97882394,100363597,103770134,106564905,108853181,110688533,110005636,110019570,109207205,107097577,105901322,104543801,103496179,103257751
Early-demographic dividend,979226919,1076932498,1187026097,1309604349,1444169309,1591990202,1761090462,1939445455,2119850957,2207779855,2385398260,2560644471,2733734510,2908808244,3083836360,3127290269
East Asia & Pacific,1042016962,1109997197,1223381452,1354002849,1465814651,1557506468,1656292670,1764605492,1869217918,1915670711,2005143552,2080534724,2145245494,2205614879,2265898057,2281203360
East Asia & Pacific (excluding high income),896028698,952270698,1056451631,1175063145,1276113367,1358820476,1449129592,1550788717,1649254066,1692831189,1776225147,1846954095,1908392032,1964691596,2022021082,2036552598
East Asia & Pacific (IDA & IBRD countries),884594151,939976174,1042826969,1159838734,1259540585,1341328073,1430515138,1531050837,1628282963,1671218210,1753650434,1823578257,1884292297,1940064830,1996870376,2011274432
Euro area,265396502,275382197,283966953,291040689,297573002,302363486,305432240,308725859,314162055,316366781,319433986,324125338,330922786,336151479,338429646,339519210
Europe & Central Asia,667246384,698905664,726161895,749815857,772838318,793937090,813281381,833315236,849656744,854723057,860236344,865196877,875343230,889016221,903094668,907424836
Europe & Central Asia (excluding high income),279087938,296463073,311636189,325762116,340024688,354494056,369141750,384146656,393481005,395568548,396999014,396574307,398011334,403470694,412510951,414975737
Europe & Central Asia (IDA & IBRD countries),308725388,327602523,343930844,358817766,374380988,390068206,406045884,421971143,431844672,434111200,435662495,434804671,436152601,441513488,450522686,452962149
European Union,409498463,424075858,436916059,447253578,457001001,464392913,469501597,474792549,480438473,483262847,486565874,490390251,497973707,504421131,508157247,509703315
Fragile and conflict affected situations,121765037,133661787,147967143,164297540,183363175,205569660,226660414,248333373,277863547,294177517,325374011,359110192,397732436,438737943,482474449,493919601
Heavily indebted poor countries (HIPC),162495580,178820615,197836081,219724282,244394102,271603169,301260428,335847788,377879250,401488248,449393754,502710676,563415107,630127436,704745420,724482652
High income,754609427,795665202,829645659,864539350,897372543,927553164,955531829,982292069,1011955640,1027255148,1057108848,1084822379,1115520890,1149511694,1175966521,1182929820
IBRD only,1919407887,2063746670,2260184564,2478408044,2690222169,2893772908,3114789711,3351016862,3578122909,3683170309,3886504193,4073362380,4251352513,4427798045,4607807731,4652578287
IDA & IBRD total,2301897627,2485749333,2728489377,2997073809,3264663646,3533831065,3829034886,4148376854,4466925145,4620029667,4922022165,5213009069,5503417422,5801348625,6112778045,6191917218
IDA blend,123195063,135810058,150482659,167198554,186993690,211007189,237935069,267549711,298118128,313402026,344939833,377544104,412705870,452947421,497751634,509396383
IDA only,259294677,286192605,317822154,351467211,387447787,429050968,476310106,529810281,590684108,623457332,690578139,762102585,839359039,920603159,1007218680,1029942548
IDA total,382489740,422002663,468304813,518665765,574441477,640058157,714245175,797359992,888802236,936859358,1035517972,1139646689,1252064909,1373550580,1504970314,1539338931
Late-demographic dividend,1099314242,1166686603,1278226894,1401045511,1507058741,1596260695,1690957098,1796575744,1892154493,1933029510,2011383694,2073373008,2127904635,2181250143,2235382535,2248927194
Latin America & Caribbean,220434162,246016868,273207936,301984111,332247634,363540795,396066751,428704815,461466818,477832466,509664955,539373531,567825874,596477846,624331830,631058524
Latin America & Caribbean (excluding high income),206288466,230726737,256861866,284605846,313835275,344140576,375614401,407145597,438771695,454561464,485282781,514126613,541798268,569737872,597035363,603644865
Latin America & the Caribbean (IDA & IBRD countries),210357620,235048548,261454660,289406786,318876360,349689363,381844359,413957171,446211495,462368285,493785288,523270767,551595525,580246796,608136047,614891969
Least developed countries: UN classification,240742196,264721836,293292818,323506502,355653610,393279303,435737690,484033065,539720450,570101958,632146821,699560739,772488966,848791962,934192321,956631108
Low & middle income,2279583870,2462536274,2705175456,2974385601,3241778539,3510137270,3804450531,4123409918,4444185609,4597585266,4900128612,5192002039,5482900367,5781145005,6093019655,6172290592
Low income,154670163,168931464,186231925,206053605,227669815,250969220,276057603,305666480,341387303,361356181,402805256,449310184,502059411,560007444,624759914,641858608
Lower middle income,955530364,1046222931,1147654767,1259606757,1383765405,1522455237,1676491166,1840232174,2008612913,2091318647,2255687535,2420369986,2587214235,2756602745,2927194316,2970020158
Middle East & North Africa,105488678,117671617,131566224,146887303,164407528,185843847,212102793,240367135,267020622,279279333,305001541,329289435,356287693,388376106,421022841,428961724
Middle East & North Africa (excluding high income),97837766,108774858,121276296,134719523,149628962,167755859,189974163,214140741,239062651,249660649,270672291,291051001,312079307,335581557,361077997,367449306
Middle East & North Africa (IDA & IBRD countries),97837766,108774858,121276296,134719523,149628962,167755859,189974163,214140741,236899060,247294351,267895723,287975628,308672973,331770455,356783315,363027163
Middle income,2124913707,2293604810,2518943531,2768331996,3014108724,3259168050,3528392928,3817743438,4102798306,4236229085,4497323356,4742691855,4980840956,5221137561,5468259741,5530431984
North America,198624409,211262900,221503000,231943831,241606200,251872670,261583423,271452347,285092192,292297226,306162843,319050105,331014940,343418591,354173159,356810463
Not classified,..,..,..,..,..,..,..,..,..,..,..,..,..,..,..,..
OECD members,788709114,833781082,872731745,913621315,952681739,987928331,1020245362,1051552697,1088596983,1106885537,1140597139,1173046153,1206821076,1242391523,1273109967,1281401703
Other small states,9196324,9898587,10676961,11575349,12553340,13628831,15008538,16657359,18188830,18826109,20172617,21724724,23687194,26269542,28759578,29374084
Pacific island small states,865809,985873,1099420,1203419,1306937,1420671,1555767,1650642,1750900,1812883,1918749,2006441,2098522,2214096,2329458,2358955
Post-demographic dividend,754705296,793405703,824881275,857032016,885529196,910110515,931567479,952508537,977731113,989994339,1010698898,1030742327,1052236679,1075140985,1092601669,1097570905
Pre-demographic dividend,188636191,207073952,228868113,253914730,283715621,319174900,354794146,394465713,442573477,469790790,524647448,586553190,658586521,739082260,830442736,854646007
Small states,14260440,15397706,16556005,17800127,19120339,20547258,22331262,24251662,26063995,26877568,28529953,30354957,32592554,35467734,38251715,38937987
South Asia,571857185,622875636,681109271,745871099,818264619,899787611,988820543,1083674191,1183034707,1233869424,1335633730,1437450586,1536799012,1630729920,1721840539,1744190704
South Asia (IDA & IBRD),571857185,622875636,681109271,745871099,818264619,899787611,988820543,1083674191,1183034707,1233869424,1335633730,1437450586,1536799012,1630729920,1721840539,1744190704
Sub-Saharan Africa,228525517,251471594,277891337,308419901,343972132,385201953,431834799,483582771,540652248,571168197,635394495,705929159.9,785905014.5,877023136.4,978625081.7,1005570801
Sub-Saharan Africa (excluding high income),228483817,251425272,277840203,308363872,343911628,385138692,431770082,483514016,540581485,571093992,635315649,705845436.9,785820414.5,876933366.4,978533722.7,1005477382
Sub-Saharan Africa (IDA & IBRD countries),228525517,251471594,277891337,308419901,343972132,385201953,431834799,483582771,540652248,571168197,635394495,705929159.9,785905014.5,877023136.4,978625081.7,1005570801
Upper middle income,1169383343,1247381879,1371288764,1508725239,1630343319,1736712813,1851901762,1977511264,2094185393,2144910438,2241635821,2322321869,2393626721,2464534816,2541065425,2560411826
World,3034193297,3258201476,3534821115,3838924951,4139151082,4437690434,4759982360,5105701987,5456141249,5624840414,5957237460,6276824418,6598421257,6930656699,7268986176,7355220412
